projection,scheme,rel_fro_err,bits_per_weight,compression_ratio
gate,kmeans_bs10_K65536_cb1_cos_shared_ssvq_int8,0.1625784477261317,3.48828125,4.5867861142217246
gate,int4_per_tensor,0.8065752639361287,4.0,4.0
gate,int4_per_channel,0.15895160716036008,4.0,4.0
gate,int8_per_tensor,0.049199274535836154,8.0,2.0
gate,int8_per_channel,0.009153075158905816,8.0,2.0
gate,fp8_e4m3,0.05343104458387133,8.0,2.0
gate,fp8_e5m2,0.053371576920922224,8.0,2.0
